Ticker,Close,Shelf_Level,Flush_Low,Sweep_Depth_%,Headroom_%,Vol_Ratio,Conviction_Score,Pivot_Trigger,Stop_Loss,Risk_%,R_Ratio,Category,Zacks_Rank,Earnings_Risk
CBT,77.38,76.03,74.55,1.95,21.5,1.42x,4.25,78.13,74.18,5.06,4.25,Liquidity Sweep,#3 (New),SAFE (27d)
CVS,87.01,84.5,84.23,0.32,26.4,1.54x,6.25,87.51,83.81,4.23,6.25,Liquidity Sweep,#3 (7d),SAFE (29d)
HCSG,21.19,20.6,20.17,2.09,21.5,1.71x,3.73,21.3,20.07,5.77,3.73,Liquidity Sweep,#3 (6d),SAFE (15d)
OMC,75.25,73.97,73.63,0.46,17.8,1.03x,6.04,75.49,73.26,2.95,6.04,Liquidity Sweep,#3 (1d),⚠️ CAUTION (14d)
PGNY,25.86,25.09,24.79,1.22,27.9,1.37x,5.78,25.92,24.67,4.82,5.78,Liquidity Sweep,#2 (6d),SAFE (30d)
PPG,105.27,103.7,101.7,1.93,24.4,1.09x,5.43,105.96,101.19,4.5,5.43,Liquidity Sweep,#3 (5d),SAFE (21d)
TMUS,164.64,161.14,160.81,0.2,37.4,0.91x,12.99,164.76,160.01,2.88,12.99,Liquidity Sweep,#3 (7d),SAFE (22d)
VNOM,40.87,40.1,39.77,0.83,21.4,1.26x,4.69,41.46,39.57,4.56,4.69,Liquidity Sweep,#1 (New),SAFE (27d)
VMC,245.57,240.69,237.03,1.52,34.1,1.9x,8.31,245.93,235.84,4.1,8.31,Liquidity Sweep,#3 (6d),SAFE (23d)
WM,206.66,205.8,200.58,2.54,19.1,1.27x,5.22,207.14,199.58,3.65,5.22,Liquidity Sweep,#3 (6d),SAFE (21d)
ZBH,91.57,87.64,87.11,0.6,15.5,1.05x,2.66,92.03,86.67,5.82,2.66,Liquidity Sweep,#2 (New),SAFE (30d)
