Ticker,Close,Headroom_%,Above_200_%,Hist_Now,Vol_Ratio,Conviction_Score,Pivot_Trigger,Stop_Loss,Risk_%,R_Ratio,Zacks_Rank,Earnings_Risk
ICHR,59.76,90.1,2.8,-4.12,0.63x,2.389,61.5,56.0,8.94,10.07,#1 (1d),SAFE (33d)
UCTT,80.46,79.2,12.6,-3.544,0.51x,1.714,82.04,74.74,8.9,8.9,#1 (1d),SAFE (34d)
PDFS,49.77,44.0,15.0,-1.176,0.64x,1.558,50.75,48.25,4.93,8.93,#2 (1d),SAFE (36d)
MKSI,266.02,68.1,1.1,-12.373,0.48x,1.467,266.28,251.19,5.67,12.01,#2 (New),SAFE (35d)
AMAT,512.01,44.3,19.9,-13.603,0.68x,1.288,513.28,471.38,8.16,5.43,#2 (1d),SAFE (43d)
TTMI,122.8,82.3,1.7,-4.987,0.56x,1.23,131.32,119.02,9.37,8.78,#1 (1d),SAFE (35d)
MPWR,1355.99,26.2,8.1,-20.062,0.53x,1.195,1377.14,1320.8,4.09,6.41,#2 (1d),SAFE (29d)
VICR,290.68,31.6,40.9,-0.851,0.53x,1.11,297.0,271.7,8.52,3.71,#2 (1d),SAFE (20d)
MTSI,284.27,47.4,7.1,-7.019,0.51x,1.102,289.26,274.48,5.11,9.27,#1 (1d),SAFE (36d)
PPLI,40.74,18.6,1.5,-0.491,1.11x,1.065,40.89,38.39,6.11,3.05,#1 (New),SAFE (33d)
SYNA,100.79,47.9,2.1,-3.11,0.48x,1.042,103.04,97.26,5.61,8.55,#1 (1d),SAFE (36d)
VCYT,46.08,32.2,6.9,-1.044,0.82x,0.784,49.0,44.47,9.24,3.48,#1 (1d),SAFE (34d)
LRCX,323.86,35.3,20.0,-6.383,0.65x,0.775,328.32,305.5,6.95,5.07,#2 (1d),SAFE (21d)
GLW,158.71,70.9,8.7,-3.848,0.5x,0.769,161.39,149.26,7.52,9.43,#2 (1d),SAFE (27d)
ALAB,357.84,39.6,38.3,-4.252,0.59x,0.763,377.87,342.0,9.49,4.17,#1 (1d),SAFE (34d)
WDC,453.48,76.3,13.3,-19.796,0.67x,0.721,475.66,432.04,9.17,8.32,#2 (1d),SAFE (36d)
NTCT,39.0,16.1,9.6,-0.61,0.64x,0.586,39.75,38.41,3.37,4.78,#1 (1d),SAFE (36d)
ACMR,75.61,68.2,12.4,-2.857,0.54x,0.56,82.78,73.47,11.25,6.06,#1 (1d),SAFE (35d)
SEI,68.34,25.9,15.9,0.299,0.62x,0.55,72.17,67.53,6.43,4.02,#1 (1d),SAFE (33d)
PWR,651.79,21.0,8.6,-9.189,0.55x,0.496,659.85,635.39,3.71,5.66,#1 (1d),SAFE (29d)
SITM,651.43,38.4,22.5,-9.452,0.53x,0.468,672.81,634.88,5.64,6.81,#1 (1d),SAFE (35d)
ENTG,154.77,20.7,18.4,-0.565,0.68x,0.441,156.65,145.3,7.25,2.85,#2 (1d),SAFE (35d)
EME,762.03,24.9,1.1,-8.556,0.75x,0.421,776.67,747.87,3.71,6.7,#1 (1d),SAFE (29d)
DIOD,97.18,29.6,14.2,-1.525,0.54x,0.42,98.74,92.9,5.91,5.02,#2 (1d),SAFE (36d)
FIX,1665.05,24.4,10.0,-35.479,0.57x,0.339,1712.6,1625.01,5.11,4.78,#2 (1d),SAFE (22d)
AZTA,34.28,21.7,17.7,0.774,0.7x,0.23,34.88,33.28,4.59,4.73,N/A,SAFE (51d)
