Ticker,Close,Pivot_Trigger,Stop_Loss,Risk_%,Target,R_Ratio,Zacks_Rank,Earnings_Risk,Category
AAPL,333.56,345.34,322.56,6.6,402.29,2.5,Rank 2 (Buy),SAFE (>14d),Momentum Flag
AMD,631.28,645.46,583.45,9.6,800.48,2.5,Rank 2 (Buy),SAFE (>14d),Momentum Flag
ANET,206.18,212.0,197.6,6.8,248.0,2.5,Rank 2 (Buy),SAFE (>14d),Momentum Flag
ASML,1868.02,1873.5,1712.57,8.6,2275.83,2.5,Rank 2 (Buy),SAFE (>14d),Momentum Flag
CAT,850.75,858.87,792.08,7.8,1025.84,2.5,Rank 2 (Buy),SAFE (>14d),Momentum Flag
FIX,1744.75,1750.39,1593.7,9.0,2142.12,2.5,Rank 2 (Buy),SAFE (>14d),Momentum Flag
GEV,991.34,1006.0,925.79,8.0,1206.53,2.5,Rank 2 (Buy),SAFE (>14d),Momentum Flag
GOOGL,344.06,364.17,330.92,9.1,447.3,2.5,Rank 2 (Buy),SAFE (>14d),Momentum Flag
MSFT,514.24,522.85,496.3,5.1,589.22,2.5,Rank 2 (Buy),SAFE (>14d),Momentum Flag
MU,1078.98,1108.72,1001.81,9.6,1376.0,2.5,Rank 2 (Buy),SAFE (>14d),Momentum Flag
NVDA,235.36,237.87,224.46,5.6,271.4,2.5,Rank 2 (Buy),SAFE (>14d),Momentum Flag
PLTR,190.22,194.78,181.97,6.6,226.8,2.5,Rank 2 (Buy),SAFE (>14d),Momentum Flag
QQQ,749.8,754.53,726.72,3.7,824.05,2.5,Rank 2 (Buy),SAFE (>14d),Momentum Flag
RS,399.27,407.64,375.58,7.9,487.79,2.5,Rank 2 (Buy),SAFE (>14d),Momentum Flag
